trial,tau,mean_correlation,upper_bound,changed_outputs,departed_transcripts
0,0.11250577720575129,0.019230769230769225,26.944128951377852,5,10
1,0.26744764696598144,-0.04273504273504273,5.043772127880356,1,1
2,0.5638071095861487,0.0,1.39460688272941,0,0
3,0.27283788666345526,-0.004273504273504262,4.859557655074211,1,2
4,0.11069171349402,-0.0876068376068376,27.823437349593643,4,10
5,0.5207971625273934,0.0,1.5768374178265137,0,0
6,0.19669049206554456,-0.008547008547008524,9.040941663852418,4,7
7,0.08889933158945257,0.057692307692307716,42.95200417498917,3,11
8,0.17773131601722383,0.08974358974358973,10.997375634123722,4,5
9,0.313395610221094,1.9081958235744878e-17,3.764269791379573,0,1
10,0.20453781318350106,0.18162393162393162,8.38573503274277,4,5
11,0.19187121932125506,-0.0021367521367521083,9.483768927065654,2,3
12,0.3089860056049801,-1.734723475976807e-17,3.862846023651126,0,1
13,0.20126050676172508,-0.06410256410256412,8.650062442170023,1,4
14,0.3683701688420342,-1.734723475976807e-17,2.817113885216408,0,0
15,0.5863873323455955,6.938893903907228e-18,1.3145776823324011,0,0
16,0.37431609134872673,3.0357660829594124e-17,2.738886650239858,0,0
17,0.5969014808885724,1.214306433183765e-17,1.280374253815729,0,0
18,0.4247320257250247,-2.7755575615628914e-17,2.2020860571311225,0,0
19,0.5347900569882844,-2.42861286636753e-17,1.5127050815012018,0,0
20,0.2797978597154547,-0.02991452991452988,4.637263702659889,1,2
21,0.2896213086583689,1.8214596497756474e-17,4.35036702291408,0,2
22,0.5377547833354731,1.734723475976807e-18,1.4997558467251286,0,0
23,0.42666039626113583,0.0,2.1852475016843167,0,0
24,0.3625866067253342,0.0,2.896926938390135,0,0
25,0.6537016837792117,6.938893903907228e-18,1.123235198866345,0,0
26,0.3081904027433674,3.122502256758253e-17,3.8810836812932505,0,0
27,0.5699726708830967,6.938893903907228e-18,1.3718081129680728,0,0
28,0.17726339346725367,-0.02564102564102565,11.053740576975697,1,8
29,0.2699100410244228,-0.04487179487179486,4.958248793885917,2,3
30,0.4589877643048714,1.734723475976807e-17,1.9338019610605186,0,0
31,0.20995728614645526,0.017094017094017127,7.975486928561571,2,4
32,0.6551516354131592,8.673617379884035e-19,1.1197503746601418,0,0
33,0.6714830340613299,-2.688821387764051e-17,1.082045263792121,0,0
34,0.46845065406146996,1.734723475976807e-17,1.8698640867676009,0,0
35,0.3131721395864386,-1.3877787807814457e-17,3.7691655014406336,0,2
36,0.33441257835984667,0.05341880341880344,3.3467810970530594,1,3
37,0.5130187736180857,-6.938893903907228e-18,1.6147783841168288,0,0
38,0.23905845612623156,0.09188034188034186,6.228534247511107,1,2
39,0.100526800219162,0.032051282051282055,33.663546547118955,4,13
40,0.6644104875582983,-3.469446951953614e-17,1.098032885205453,0,0
41,0.37862510192867876,3.8163916471489756e-17,2.6844837486044417,0,0
42,0.354996020526227,-6.938893903907228e-18,3.0076545655898514,0,0
43,0.6667497907411793,6.938893903907228e-18,1.0926885046673376,0,0
44,0.4972069719185857,3.469446951953614e-18,1.697465549121556,0,0
45,0.6959023690497151,-3.469446951953614e-17,1.0305416977007358,0,0
46,0.41425781717731625,0.0,2.297692183737882,0,0
47,0.5878821864708168,2.6020852139652106e-17,1.3096026479370773,0,0
48,0.354362197259406,-3.469446951953614e-17,3.0172236698658152,0,0
49,0.19669501043781956,-0.017094017094017096,9.040541694985965,2,4
50,0.21543978791093765,-0.008547008547008527,7.591568642379911,1,2
51,0.5866894667585822,2.0816681711721685e-17,1.3135690795906412,0,0
52,0.4351765830659748,-1.3877787807814457e-17,2.1135417735887745,0,0
53,0.5641263764966609,6.938893903907228e-18,1.3934079281304461,0,0
54,0.4884113365195855,7.806255641895632e-18,1.746977419877863,0,0
55,0.34281132762156724,-5.204170427930421e-18,3.2010169867954503,0,0
56,0.2576571126685909,2.3418766925686896e-17,5.4084167059955,0,1
57,0.6605677475578368,9.540979117872439e-18,1.1069355762744824,0,0
58,0.4588388294432702,1.3877787807814457e-17,1.934840000147303,0,0
59,0.5327937337630884,-7.806255641895632e-18,1.521546607169039,0,0
60,0.5450498660528096,0.0,1.4687874629548734,0,0
61,0.1665707433808055,-0.1688034188034188,12.47403384313477,5,8
62,0.23472820474453593,0.047008547008547015,6.447984664032135,3,4
63,0.5365320677688151,-1.5612511283791264e-17,1.5050703785887274,0,0
64,0.4536867745177827,-6.071532165918825e-18,1.9713803099276226,0,0
65,0.5174728653344347,3.122502256758253e-17,1.592843204508224,0,0
66,0.3773194118862335,5.204170427930421e-18,2.700771913372089,0,0
67,0.5611321460998028,-2.7755575615628914e-17,1.4047328095003722,0,0
68,0.18442187621543782,0.017094017094017106,10.237782096048639,2,3
69,0.12315032178833368,0.19444444444444442,22.54299825449523,7,11
70,0.10343879088925693,-0.08333333333333334,31.813445090655843,6,10
71,0.4825284145382021,1.3877787807814457e-17,1.7816149853998584,0,0
72,0.4625894720546879,1.3877787807814457e-17,1.9090034417728083,0,0
73,0.3939694200665302,-1.3877787807814457e-17,2.505037397215162,0,0
74,0.26327270647127754,-8.673617379884035e-18,5.194296228549274,0,0
75,0.3347808175066642,-3.469446951953614e-18,3.3401593206971354,0,1
76,0.4290293414129322,2.7755575615628914e-17,2.164871830595264,0,0
77,0.16463371648962694,0.057692307692307696,12.761360593059205,5,9
78,0.481496424178338,6.938893903907228e-18,1.7878224062867418,0,0
79,0.6462496785827787,-3.469446951953614e-18,1.1415170265707877,0,0
80,0.6094333084252997,-6.938893903907228e-18,1.2418970217882048,0,0
81,0.25327111442876715,-0.010683760683760684,5.585652731353875,1,3
82,0.33520026807654807,0.0,3.3326432175443883,0,0
83,0.1811494595286099,-0.00854700854700852,10.598793585125039,1,5
84,0.46470467386622205,1.3010426069826053e-17,1.8947078214846762,0,0
85,0.32193455345161964,3.469446951953614e-17,3.5847708692061433,0,0
86,0.4861026069582874,5.204170427930421e-18,1.7604209398186268,0,0
87,0.40748121258038,3.8163916471489756e-17,2.3635138243448526,0,0
88,0.3357109300972333,-3.8163916471489756e-17,3.323530704362777,0,0
89,0.2872722780138791,0.019230769230769214,4.416301896850681,1,1
90,0.5943248532558427,2.0816681711721685e-17,1.288588582866375,0,0
91,0.20837354826525656,-0.008547008547008567,8.09206996236669,1,2
92,0.5596916233214131,1.734723475976807e-17,1.4102460735949562,0,0
93,0.6201094718679485,2.0816681711721685e-17,1.210940725071977,0,0
94,0.477415352437892,2.688821387764051e-17,1.8127656674723127,0,0
95,0.5794027703710555,1.214306433183765e-17,1.3383356064787155,0,0
96,0.5775363526564152,-4.163336342344337e-17,1.3448306013916915,0,0
97,0.5481108411271931,0.0,1.4561600671427808,0,0
98,0.6437577309590256,3.469446951953614e-17,1.147772566001843,0,0
99,0.37767518274511663,2.0816681711721685e-17,2.696317010217562,0,0
100,0.6237936419745754,-2.6020852139652106e-18,1.200625306432603,0,0
101,0.3068604367932585,-1.214306433183765e-17,3.911887940267873,0,0
102,0.13189271639454686,-0.10042735042735045,19.696503436776656,5,8
103,0.44876448483840703,-2.7755575615628914e-17,2.007473142977987,0,0
104,0.6302913414417848,-1.214306433183765e-17,1.1828711000287777,0,0
105,0.17908545912906884,0.05769230769230768,10.836740510216456,2,7
106,0.5401848182113156,-1.474514954580286e-17,1.4893006341390143,0,0
107,0.1490811355528832,-0.04700854700854701,15.489294524240616,4,11
108,0.42888836093024835,-2.688821387764051e-17,2.166074984980246,0,0
109,0.342908342530587,-2.42861286636753e-17,3.1993955579138205,0,0
110,0.41518876876328237,8.673617379884035e-18,2.2889007005934836,0,0
111,0.5281959600315966,-2.42861286636753e-17,1.5422923810217117,0,0
112,0.6820219208827775,1.734723475976807e-17,1.059138323607436,0,0
113,0.2584532864629001,2.3418766925686896e-17,5.377207598740075,0,1
114,0.2835348036911892,1.3010426069826053e-17,4.524606428456941,0,1
115,0.2972301900692203,-0.05128205128205129,4.147420591844398,1,2
116,0.26348866639602775,5.204170427930421e-18,5.186334070758374,0,3
117,0.49409734716749254,-1.0408340855860843e-17,1.714668175833959,0,0
118,0.11462858462623846,-0.10256410256410256,25.96770780514839,5,10
119,0.20770682386233758,0.07264957264957268,8.141948776888185,2,5
120,0.17448439889090828,-2.42861286636753e-17,11.39788996751619,0,3
121,0.3987336340696115,8.673617379884035e-19,2.4534919548556617,0,0
122,0.6547621820987235,-2.2551405187698492e-17,1.120684115899894,0,0
123,0.4807522514954765,0.0,1.7923234321285606,0,0
124,0.6908601252233763,-1.3877787807814457e-17,1.0407306210000589,0,0
125,0.25535217732607085,6.938893903907228e-18,5.5004192468023,0,2
126,0.6286023078856783,5.204170427930421e-18,1.1874332750512622,0,0
127,0.4996693059963973,-6.938893903907228e-18,1.6840710117041127,0,0
128,0.2518320679493926,1.5612511283791264e-17,5.645831152101557,0,1
129,0.2125893835500111,0.05769230769230767,7.7874639881606695,2,4
130,0.23931745374906171,-0.0405982905982906,6.215784917641877,2,3
131,0.6081798329038476,-2.0816681711721685e-17,1.245638886030643,0,0
132,0.6619693608181155,2.688821387764051e-17,1.1036704137540658,0,0
133,0.26594276443039466,-1.214306433183765e-17,5.097212950251224,0,1
134,0.4312534729306236,3.469446951953614e-18,2.1460465370163138,0,1
135,0.2783334638788121,-5.204170427930421e-18,4.682653109123568,0,1
136,0.43639209089373665,1.734723475976807e-17,2.1036481851245847,0,0
137,0.11757011153385813,0.032051282051282055,24.701129256540433,4,8
138,0.46636509939302945,3.469446951953614e-18,1.8836218256802124,0,0
139,0.5252937871725675,-6.938893903907228e-18,1.5556687474525868,0,0
140,0.5662494807722221,1.3877787807814457e-17,1.385486472415844,0,0
141,0.5179946116036737,7.806255641895632e-18,1.590310704741556,0,0
142,0.4200558201814502,-3.469446951953614e-18,2.243886074748977,0,0
143,0.5927039531441575,-1.5612511283791264e-17,1.2938110212627625,0,0
144,0.1404758102779604,1.3877787807814457e-17,17.40281030744044,4,9
145,0.1278528932371781,0.1388888888888889,20.939377342735664,2,10
146,0.5658298062854267,1.0408340855860843e-17,1.3870452400627347,0,0
147,0.5411646027541731,-6.938893903907228e-18,1.4851249045217916,0,0
148,0.4976835723486476,-6.071532165918825e-18,1.6948574268440137,0,0
149,0.6648531042777887,2.42861286636753e-17,1.0970173527411895,0,0
150,0.589069137572533,-8.673617379884035e-18,1.3056792944861901,0,0
151,0.1427179729071545,0.03205128205128204,16.870739241336953,5,10
152,0.27439965535461613,-0.047008547008547,4.80820116135515,1,3
153,0.5995304913589362,-3.382710778154774e-17,1.2721018503408845,0,0
154,0.5752207050582604,-2.688821387764051e-17,1.352976928269158,0,0
155,0.6337072114052286,6.938893903907228e-18,1.1737558796743928,0,0
156,0.23778812637756974,-6.071532165918825e-18,6.291671523226264,0,2
157,0.0969782227959134,-0.008547008547008569,36.147248715798355,5,13
158,0.3193739144322446,0.059829059829059804,3.6370899991037957,2,3
159,0.23858380329780227,-0.002136752136752129,6.252007211252922,1,2
160,0.13059873000617273,-0.04059829059829059,20.08207462808563,4,9
161,0.13881974045552609,-0.006410256410256434,17.812463514652602,3,7
162,0.5462463911165065,0.0,1.4638261790885028,0,0
163,0.22514679769013085,0.002136752136752117,6.979341457814747,1,4
164,0.20126701744054082,0.05769230769230768,8.64952449608107,1,5
165,0.16261966670860678,0.010683760683760661,13.071066789558458,3,7
166,0.09699324595794212,-0.010683760683760684,36.13615576663406,5,10
167,0.0917849631440142,0.04700854700854701,40.31445562370741,2,10
168,0.6738822848793351,-3.382710778154774e-17,1.0767357230386512,0,0
169,0.3791338463027564,2.42861286636753e-17,2.678182798804099,0,1
170,0.44513134158617257,2.0816681711721685e-17,2.0348848051703623,0,0
171,0.42461724845239796,-2.7755575615628914e-17,2.2030955335671116,0,0
172,0.19674817947469708,1.3877787807814457e-17,9.035837211581471,1,3
173,0.3044470773207014,0.0,3.9688198274148463,0,0
174,0.09635167658857498,0.07478632478632477,36.61451493232282,5,12
175,0.19238938209516626,0.04700854700854698,9.434554838879523,5,7
176,0.28826006680261657,-1.0408340855860843e-17,4.388379244277055,0,0
177,0.4995033786388683,8.673617379884035e-18,1.6849673987911196,0,0
178,0.32297316734677617,-0.02564102564102563,3.5639037315228643,1,1
179,0.6505085484221933,3.642919299551295e-17,1.1309919338748917,0,0
180,0.5194048821863727,-2.0816681711721685e-17,1.583503556851643,0,0
181,0.6693785775028284,7.806255641895632e-18,1.0867495037035142,0,0
182,0.23769549134987572,-1.3877787807814457e-17,6.296315262443353,0,2
183,0.3060803758534156,6.938893903907228e-18,3.930142591862699,0,0
184,0.6423030584194332,-2.7755575615628914e-17,1.151457935942469,0,0
185,0.44673106699851567,2.42861286636753e-17,2.022732633661821,0,0
186,0.38563518659317475,-2.2551405187698492e-17,2.599844521241757,0,0
187,0.40586501277868875,-7.806255641895632e-18,2.3797010097652085,0,0
188,0.32590939342841235,-1.0408340855860843e-17,3.5059864459092416,0,0
189,0.6414115832709943,1.3877787807814457e-17,1.1537288641507852,0,0
190,0.35275374268093973,1.3877787807814457e-17,3.0417391635149666,0,0
191,0.35713301766185146,-3.469446951953614e-17,2.975766005784567,0,0
192,0.385560707851233,1.3877787807814457e-17,2.6007195804571004,0,0
193,0.3730959984462296,-6.938893903907228e-18,2.754634239873659,0,0
194,0.5818589493499867,8.673617379884035e-19,1.3298833475085687,0,0
195,0.6046423739702401,1.5612511283791264e-17,1.2563246752746555,0,0
196,0.1467976435284899,-0.03846153846153845,15.964420758783746,3,8
197,0.5489890917959662,-1.3877787807814457e-17,1.4525759705178993,0,0
198,0.39076902890827014,0.0,2.540727018752901,0,0
199,0.08925848879158216,-0.059829059829059825,42.60973115528552,6,13
