family,target_id,distribution,seed,n,width,T,S,eta,error,uniform_error,W_norm,v_norm
parity_degree1,0,uniform,0,3,8,1200,32,0.05,0.0,0.0,3.8700840366693825,3.0955630095766704
parity_degree1,0,uniform,1,3,8,1200,32,0.05,0.0,0.0,3.49508441578591,3.330762278603461
parity_degree1,0,uniform,2,3,8,1200,32,0.05,0.0,0.0,3.9122916947378648,3.399592226277877
parity_degree1,0,uniform,3,3,8,1200,32,0.05,0.0,0.0,4.334354574678731,2.906654925932477
parity_degree1,0,uniform,4,3,8,1200,32,0.05,0.0,0.0,4.189576693510625,3.2172698447247856
parity_degree1,0,sparse_mixture,0,3,8,1200,32,0.05,0.0,0.0,3.2880468955286046,2.3304461586479652
parity_degree1,0,sparse_mixture,1,3,8,1200,32,0.05,0.0,0.0,2.868478623707508,2.669560957370571
parity_degree1,0,sparse_mixture,2,3,8,1200,32,0.05,0.0,0.0,3.312072305440252,2.682533848571436
parity_degree1,0,sparse_mixture,3,3,8,1200,32,0.05,0.0,0.0,4.046563107908418,2.469587552089068
parity_degree1,0,sparse_mixture,4,3,8,1200,32,0.05,0.0,0.0,3.6436718022253807,2.4470952990131623
parity_degree1,0,adversarial_search,0,3,8,1200,32,0.05,0.0,0.0,3.721326871724523,2.9120861691987177
parity_degree1,0,adversarial_search,1,3,8,1200,32,0.05,0.0,0.0,3.227741527920342,3.0510471365705905
parity_degree1,0,adversarial_search,2,3,8,1200,32,0.05,0.0,0.0,3.6718936827585975,3.1212830047953957
parity_degree1,0,adversarial_search,3,3,8,1200,32,0.05,0.0,0.0,4.3423435633142455,2.9197543597747555
parity_degree1,0,adversarial_search,4,3,8,1200,32,0.05,0.0,0.0,4.065871158814848,3.039363605758259
parity_degree3,0,uniform,0,3,8,1200,32,0.05,0.5,0.5,2.0172532229370193,0.4368213105791639
parity_degree3,0,uniform,1,3,8,1200,32,0.05,0.5,0.5,1.3936142472008333,0.7921502242114111
parity_degree3,0,uniform,2,3,8,1200,32,0.05,0.5,0.5,1.9309361238150613,0.7965934642546955
parity_degree3,0,uniform,3,3,8,1200,32,0.05,0.5,0.5,2.6742810346980157,0.23853836722105204
parity_degree3,0,uniform,4,3,8,1200,32,0.05,0.5,0.5,2.3150050985859774,0.4127920953430921
parity_degree3,0,sparse_mixture,0,3,8,1200,32,0.05,0.0625,0.625,3.033261998812513,1.9067718149856476
parity_degree3,0,sparse_mixture,1,3,8,1200,32,0.05,0.0625,0.625,2.4168209390416924,2.0670513507473096
parity_degree3,0,sparse_mixture,2,3,8,1200,32,0.05,0.05,0.5,2.928315586976364,2.1443367176577026
parity_degree3,0,sparse_mixture,3,3,8,1200,32,0.05,0.5,0.5,3.3930693847323226,1.2140053151234755
parity_degree3,0,sparse_mixture,4,3,8,1200,32,0.05,0.0625,0.625,3.3678212882270797,1.9749563244564396
parity_degree3,0,adversarial_search,0,3,8,1200,32,0.05,0.5,0.5,2.0172532229370193,0.4368213105791639
parity_degree3,0,adversarial_search,1,3,8,1200,32,0.05,0.5,0.5,1.3936142472008333,0.7921502242114111
parity_degree3,0,adversarial_search,2,3,8,1200,32,0.05,0.5,0.5,1.9309361238150613,0.7965934642546955
parity_degree3,0,adversarial_search,3,3,8,1200,32,0.05,0.5,0.5,2.6742810346980157,0.23853836722105204
parity_degree3,0,adversarial_search,4,3,8,1200,32,0.05,0.5,0.5,2.3150050985859774,0.4127920953430921
plane_q2,0,uniform,0,3,8,1200,32,0.05,0.0,0.0,4.18259551469111,3.4724527097123348
plane_q2,0,uniform,1,3,8,1200,32,0.05,0.0,0.0,3.889111324304624,3.7346275210098883
plane_q2,0,uniform,2,3,8,1200,32,0.05,0.0,0.0,4.165573394572412,3.6817975214891314
plane_q2,0,uniform,3,3,8,1200,32,0.05,0.0,0.0,4.728622669938415,3.478927453934603
plane_q2,0,uniform,4,3,8,1200,32,0.05,0.0,0.0,4.470577065260982,3.568362394898265
plane_q2,0,sparse_mixture,0,3,8,1200,32,0.05,0.025,0.25,3.5776640871708323,2.7136198743391424
plane_q2,0,sparse_mixture,1,3,8,1200,32,0.05,0.0,0.0,3.2329758456415147,3.0542536970755796
plane_q2,0,sparse_mixture,2,3,8,1200,32,0.05,0.0,0.0,3.6454133062185647,3.077501894547676
plane_q2,0,sparse_mixture,3,3,8,1200,32,0.05,0.0,0.0,4.164043046518405,2.654156273771336
plane_q2,0,sparse_mixture,4,3,8,1200,32,0.05,0.0,0.0,3.8238472904507286,2.7052713973765647
plane_q2,0,adversarial_search,0,3,8,1200,32,0.05,2.4440069532956246e-06,0.125,4.105420117973051,3.3842948054654833
plane_q2,0,adversarial_search,1,3,8,1200,32,0.05,2.4440069532956246e-06,0.125,3.6830820006961984,3.533081242367708
plane_q2,0,adversarial_search,2,3,8,1200,32,0.05,2.4440069532956246e-06,0.125,4.017299724339906,3.519350914442572
plane_q2,0,adversarial_search,3,3,8,1200,32,0.05,0.0,0.0,4.588055407352278,3.294073434851451
plane_q2,0,adversarial_search,4,3,8,1200,32,0.05,2.4440069532956246e-06,0.125,4.2634018756998815,3.3149607639696437
plane_q2,1,uniform,0,3,8,1200,32,0.05,0.0,0.0,4.40465105784609,3.7395533400766823
plane_q2,1,uniform,1,3,8,1200,32,0.05,0.0,0.0,4.223547687699154,4.052801284679497
plane_q2,1,uniform,2,3,8,1200,32,0.05,0.0,0.0,4.3571908980688105,3.888740869919321
plane_q2,1,uniform,3,3,8,1200,32,0.05,0.0,0.0,5.01612463709414,3.8743123025266843
plane_q2,1,uniform,4,3,8,1200,32,0.05,0.0,0.0,4.5495629837511435,3.66317818519628
plane_q2,1,sparse_mixture,0,3,8,1200,32,0.05,0.025,0.25,3.475448931222985,2.555526219670562
plane_q2,1,sparse_mixture,1,3,8,1200,32,0.05,0.0125,0.125,3.158250537002309,2.946920663921643
plane_q2,1,sparse_mixture,2,3,8,1200,32,0.05,0.0,0.0,3.6507433430951037,3.0854618807731806
plane_q2,1,sparse_mixture,3,3,8,1200,32,0.05,0.037500000000000006,0.375,3.943820396299548,2.3044296951428223
plane_q2,1,sparse_mixture,4,3,8,1200,32,0.05,0.0125,0.125,3.939058669151115,2.864956615217103
plane_q2,1,adversarial_search,0,3,8,1200,32,0.05,0.008216753671000668,0.25,3.698236979948357,2.854503660485832
plane_q2,1,adversarial_search,1,3,8,1200,32,0.05,0.008216753671000668,0.25,3.648380864480701,3.469826115446597
plane_q2,1,adversarial_search,2,3,8,1200,32,0.05,0.008216753671000668,0.25,4.001921682024389,3.475906165281234
plane_q2,1,adversarial_search,3,3,8,1200,32,0.05,0.008216753671000668,0.25,4.198268223740913,2.6496505025314523
plane_q2,1,adversarial_search,4,3,8,1200,32,0.05,0.008216753671000668,0.25,4.249797308593807,3.2524845154934976
plane_q2,2,uniform,0,3,8,1200,32,0.05,0.0,0.0,4.326829168669844,3.6679739558692575
plane_q2,2,uniform,1,3,8,1200,32,0.05,0.0,0.0,3.9199315312286664,3.761234159398155
plane_q2,2,uniform,2,3,8,1200,32,0.05,0.0,0.0,4.163516492114438,3.676610362794461
plane_q2,2,uniform,3,3,8,1200,32,0.05,0.0,0.0,4.6655943090647325,3.385164287434624
plane_q2,2,uniform,4,3,8,1200,32,0.05,0.0,0.0,4.461855448297852,3.543726917950634
plane_q2,2,sparse_mixture,0,3,8,1200,32,0.05,0.0125,0.125,3.6336997083728244,2.781945306819738
plane_q2,2,sparse_mixture,1,3,8,1200,32,0.05,0.0,0.0,3.3652962985547927,3.166519200326821
plane_q2,2,sparse_mixture,2,3,8,1200,32,0.05,0.025,0.25,3.408958809763572,2.7946425630972174
plane_q2,2,sparse_mixture,3,3,8,1200,32,0.05,0.0,0.0,4.2869196469455915,2.818269057783741
plane_q2,2,sparse_mixture,4,3,8,1200,32,0.05,0.0,0.0,4.14200057350782,3.1232031814552275
plane_q2,2,adversarial_search,0,3,8,1200,32,0.05,0.0,0.0,3.740701113144355,2.950227122111375
plane_q2,2,adversarial_search,1,3,8,1200,32,0.05,0.06000765656707746,0.125,3.1293600856443256,2.942565899988123
plane_q2,2,adversarial_search,2,3,8,1200,32,0.05,0.0,0.0,3.659445433999415,3.09754612293291
plane_q2,2,adversarial_search,3,3,8,1200,32,0.05,0.0,0.0,4.306123274626095,2.8595623286507563
plane_q2,2,adversarial_search,4,3,8,1200,32,0.05,0.0010280369373906516,0.125,3.9498889760748033,2.869924186082113
plane_q2,3,uniform,0,3,8,1200,32,0.05,0.0,0.0,4.125536069695485,3.4066633705275966
plane_q2,3,uniform,1,3,8,1200,32,0.05,0.0,0.0,3.904865046769386,3.7520112393688034
plane_q2,3,uniform,2,3,8,1200,32,0.05,0.0,0.0,4.149261901762031,3.670908502863641
plane_q2,3,uniform,3,3,8,1200,32,0.05,0.125,0.125,4.343671670385463,2.8960076316655132
plane_q2,3,uniform,4,3,8,1200,32,0.05,0.0,0.0,4.355805704678168,3.408747522813518
plane_q2,3,sparse_mixture,0,3,8,1200,32,0.05,0.0125,0.125,3.652312341053593,2.8052149660232106
plane_q2,3,sparse_mixture,1,3,8,1200,32,0.05,0.0,0.0,3.323306767461877,3.1537251014991674
plane_q2,3,sparse_mixture,2,3,8,1200,32,0.05,0.0,0.0,3.549582106566957,2.9794440760670926
plane_q2,3,sparse_mixture,3,3,8,1200,32,0.05,0.0125,0.125,4.186050239597831,2.6490826555992646
plane_q2,3,sparse_mixture,4,3,8,1200,32,0.05,0.0125,0.125,3.878757670711449,2.758692660148666
plane_q2,3,adversarial_search,0,3,8,1200,32,0.05,0.0,0.0,3.713623032407753,2.893986270777623
plane_q2,3,adversarial_search,1,3,8,1200,32,0.05,0.0,0.0,3.3087573005619197,3.1355567283187145
plane_q2,3,adversarial_search,2,3,8,1200,32,0.05,0.0,0.0,3.6225426075301956,3.0712033220357955
plane_q2,3,adversarial_search,3,3,8,1200,32,0.05,0.06886879792499635,0.125,4.059612764793319,2.4517255444769743
plane_q2,3,adversarial_search,4,3,8,1200,32,0.05,0.0,0.0,3.927454467108083,2.8413491600072267
plane_q2,4,uniform,0,3,8,1200,32,0.05,0.0,0.0,4.386256746694313,3.720446093200565
plane_q2,4,uniform,1,3,8,1200,32,0.05,0.0,0.0,4.101137822818584,3.9475033878014822
plane_q2,4,uniform,2,3,8,1200,32,0.05,0.0,0.0,4.321282186446105,3.843515678569111
plane_q2,4,uniform,3,3,8,1200,32,0.05,0.0,0.0,4.885504289638255,3.7101680657488947
plane_q2,4,uniform,4,3,8,1200,32,0.05,0.0,0.0,4.588428209808379,3.7095356437092963
plane_q2,4,sparse_mixture,0,3,8,1200,32,0.05,0.0125,0.125,3.562638820529528,2.686835361445959
plane_q2,4,sparse_mixture,1,3,8,1200,32,0.05,0.0125,0.125,3.087110053083546,2.8991302265091523
plane_q2,4,sparse_mixture,2,3,8,1200,32,0.05,0.0125,0.125,3.3904722393916495,2.769631480552983
plane_q2,4,sparse_mixture,3,3,8,1200,32,0.05,0.48750000000000004,0.375,3.6606820825858475,1.7426315098771246
plane_q2,4,sparse_mixture,4,3,8,1200,32,0.05,0.0125,0.125,3.9256333181618857,2.820919010818969
plane_q2,4,adversarial_search,0,3,8,1200,32,0.05,0.020600783207241527,0.375,3.340586528071023,2.370888574024255
plane_q2,4,adversarial_search,1,3,8,1200,32,0.05,0.020600783207241527,0.375,3.014530537544113,2.8107476637418314
plane_q2,4,adversarial_search,2,3,8,1200,32,0.05,0.020600783207241527,0.375,3.2014026805952938,2.532505785939876
plane_q2,4,adversarial_search,3,3,8,1200,32,0.05,0.01788354329054692,0.25,4.022435719261591,2.4278399770545804
plane_q2,4,adversarial_search,4,3,8,1200,32,0.05,0.020600783207241527,0.375,3.6626313372356916,2.453249017931383
plane_q2,5,uniform,0,3,8,1200,32,0.05,0.0,0.0,4.868020586433222,4.301218807594813
plane_q2,5,uniform,1,3,8,1200,32,0.05,0.125,0.125,4.279067497263998,4.116138894244896
plane_q2,5,uniform,2,3,8,1200,32,0.05,0.0,0.0,4.856443806608348,4.416409595356847
plane_q2,5,uniform,3,3,8,1200,32,0.05,0.625,0.625,2.7035356542780087,0.27215692606630354
plane_q2,5,uniform,4,3,8,1200,32,0.05,0.0,0.0,5.107988293486525,4.379410150916317
plane_q2,5,sparse_mixture,0,3,8,1200,32,0.05,0.0625,0.625,3.259432987296575,2.226487462304904
plane_q2,5,sparse_mixture,1,3,8,1200,32,0.05,0.037500000000000006,0.375,3.480664911551319,3.2218977695955022
plane_q2,5,sparse_mixture,2,3,8,1200,32,0.05,0.025,0.25,3.2883224055245113,2.598745257062109
plane_q2,5,sparse_mixture,3,3,8,1200,32,0.05,0.075,0.75,3.609300328709891,1.6769508599255016
plane_q2,5,sparse_mixture,4,3,8,1200,32,0.05,0.05,0.5,3.3044466657548606,1.8753916665639543
plane_q2,5,adversarial_search,0,3,8,1200,32,0.05,0.1,0.125,4.681008396755079,4.070323674081313
plane_q2,5,adversarial_search,1,3,8,1200,32,0.05,0.1,0.125,4.461171642905986,4.2946846618084535
plane_q2,5,adversarial_search,2,3,8,1200,32,0.05,0.16666666666666666,0.125,4.454712754874853,3.9856352497133254
plane_q2,5,adversarial_search,3,3,8,1200,32,0.05,0.5,0.625,2.8030005484378586,0.5769634744651597
plane_q2,5,adversarial_search,4,3,8,1200,32,0.05,0.0,0.0,5.142761442119681,4.408877980367155
plane_q2,6,uniform,0,3,8,1200,32,0.05,0.0,0.0,4.373008080826384,3.7042700288281942
plane_q2,6,uniform,1,3,8,1200,32,0.05,0.0,0.0,4.1331344847796645,3.9694236600004142
plane_q2,6,uniform,2,3,8,1200,32,0.05,0.0,0.0,4.3471557003759935,3.8827531045058725
plane_q2,6,uniform,3,3,8,1200,32,0.05,0.0,0.0,4.879657478500304,3.6744514081993813
plane_q2,6,uniform,4,3,8,1200,32,0.05,0.0,0.0,4.620699748262016,3.782713010882537
plane_q2,6,sparse_mixture,0,3,8,1200,32,0.05,0.0,0.0,3.6931217396087415,2.865988149948079
plane_q2,6,sparse_mixture,1,3,8,1200,32,0.05,0.0,0.0,3.262241873254784,3.0569250537233628
plane_q2,6,sparse_mixture,2,3,8,1200,32,0.05,0.0125,0.125,3.5220685467333386,2.923414041309382
plane_q2,6,sparse_mixture,3,3,8,1200,32,0.05,0.05,0.5,3.935487930380084,2.269052507978701
plane_q2,6,sparse_mixture,4,3,8,1200,32,0.05,0.0125,0.125,3.76115724071402,2.609919335291981
plane_q2,6,adversarial_search,0,3,8,1200,32,0.05,0.0,0.0,3.9590960691836807,3.216793170302552
plane_q2,6,adversarial_search,1,3,8,1200,32,0.05,0.03749088703933812,0.25,3.3785783348525777,3.200805788515056
plane_q2,6,adversarial_search,2,3,8,1200,32,0.05,1.555760753296513e-06,0.125,3.8536804274359677,3.3270531705478423
plane_q2,6,adversarial_search,3,3,8,1200,32,0.05,0.0,0.0,4.316439304251913,2.869173610783845
plane_q2,6,adversarial_search,4,3,8,1200,32,0.05,0.003681383645385207,0.25,4.031275408553966,2.973651471097655
